job_id,next_processing_time
1,2025-06-04T19:41:02.254Z
2,2025-06-04T19:41:20.254Z
3,2025-06-04T19:49:36.254Z
4,2025-06-04T19:57:38.254Z
5,2025-06-04T20:04:48.254Z
6,2025-06-04T20:07:20.254Z
7,2025-06-04T20:13:05.254Z
8,2025-06-04T20:31:58.254Z
9,2025-06-04T20:38:58.254Z
10,2025-06-04T20:40:05.254Z
11,2025-06-04T20:44:59.254Z
12,2025-06-04T20:45:46.254Z
13,2025-06-04T20:52:05.254Z
14,2025-06-04T21:06:32.254Z
15,2025-06-04T21:23:07.254Z
16,2025-06-04T21:26:02.254Z
17,2025-06-04T21:28:12.254Z
18,2025-06-04T21:29:56.254Z
19,2025-06-04T21:33:18.254Z
20,2025-06-04T21:35:14.254Z
21,2025-06-04T21:42:39.254Z
22,2025-06-04T21:43:30.254Z
23,2025-06-04T21:49:03.254Z
24,2025-06-04T21:49:30.254Z
25,2025-06-04T21:53:45.254Z
26,2025-06-04T21:58:26.254Z
27,2025-06-04T22:03:04.254Z
28,2025-06-04T22:07:18.254Z
29,2025-06-04T22:10:06.254Z
30,2025-06-04T22:16:27.254Z
31,2025-06-04T22:17:46.254Z
32,2025-06-04T22:18:36.254Z
33,2025-06-04T22:18:50.254Z
34,2025-06-04T22:19:38.254Z
35,2025-06-04T22:19:48.254Z
36,2025-06-04T22:20:58.254Z
37,2025-06-04T22:24:06.254Z
38,2025-06-04T22:28:43.254Z
39,2025-06-04T22:37:58.254Z
40,2025-06-04T22:41:35.254Z
41,2025-06-04T22:46:44.254Z
42,2025-06-04T22:53:50.254Z
43,2025-06-04T22:53:59.254Z
44,2025-06-04T22:54:49.254Z
45,2025-06-04T22:56:32.254Z
46,2025-06-04T22:57:07.254Z
47,2025-06-04T23:00:58.254Z
48,2025-06-04T23:06:02.254Z
49,2025-06-04T23:13:48.254Z
50,2025-06-04T23:17:54.254Z
51,2025-06-04T23:23:37.254Z
52,2025-06-04T23:28:47.254Z
53,2025-06-04T23:39:31.254Z
54,2025-06-04T23:42:29.254Z
55,2025-06-04T23:47:53.254Z
56,2025-06-04T23:54:01.254Z
57,2025-06-04T23:58:23.254Z
58,2025-06-05T00:05:06.254Z
59,2025-06-05T00:07:36.254Z
60,2025-06-05T00:15:18.254Z
61,2025-06-05T00:15:35.254Z
62,2025-06-05T00:22:11.254Z
63,2025-06-05T00:27:04.254Z
64,2025-06-05T00:30:21.254Z
65,2025-06-05T00:31:38.254Z
66,2025-06-05T00:33:13.254Z
67,2025-06-05T00:35:50.254Z
68,2025-06-05T00:39:40.254Z
69,2025-06-05T00:44:32.254Z
70,2025-06-05T00:45:49.254Z
71,2025-06-05T00:48:11.254Z
72,2025-06-05T00:51:56.254Z
73,2025-06-05T00:56:25.254Z
74,2025-06-05T01:00:54.254Z
75,2025-06-05T01:12:11.254Z
76,2025-06-05T01:12:56.254Z
77,2025-06-05T01:17:30.254Z
78,2025-06-05T01:29:03.254Z
79,2025-06-05T01:34:47.254Z
80,2025-06-05T01:35:11.254Z
81,2025-06-05T01:41:28.254Z
82,2025-06-05T01:45:06.254Z
83,2025-06-05T01:49:51.254Z
84,2025-06-05T01:52:10.254Z
85,2025-06-05T02:00:47.254Z
86,2025-06-05T02:06:49.254Z
87,2025-06-05T02:24:34.254Z
88,2025-06-05T02:51:57.254Z
89,2025-06-05T02:52:47.254Z
90,2025-06-05T02:53:03.254Z
91,2025-06-05T02:56:49.254Z
92,2025-06-05T02:56:56.254Z
93,2025-06-05T02:59:14.254Z
94,2025-06-05T02:59:34.254Z
95,2025-06-05T03:03:24.254Z
96,2025-06-05T03:03:35.254Z
97,2025-06-05T03:09:14.254Z
98,2025-06-05T03:34:38.254Z
99,2025-06-05T03:37:34.254Z
100,2025-06-05T03:38:15.254Z